Employee_Name,Age,Department,Experience_Years,Salary
Employee_1,50,Operations,20,69826
Employee_2,36,Finance,22,80693
Employee_3,29,HR,15,64138
Employee_4,42,Finance,14,71294
Employee_5,40,Finance,24,66169
Employee_6,44,Operations,10,66556
Employee_7,32,Sales,14,70313
Employee_8,32,IT,3,56315
Employee_9,45,HR,20,63036
Employee_10,57,Operations,12,50785
Employee_11,45,Sales,21,77139
Employee_12,24,IT,18,69344
Employee_13,43,IT,33,96800
Employee_14,23,Operations,13,65973
Employee_15,45,Marketing,3,50619
Employee_16,51,HR,26,62936
Employee_17,59,IT,28,76807
Employee_18,23,Operations,27,72151
Employee_19,42,Operations,34,81493
Employee_20,54,Sales,7,69355
Employee_21,33,Marketing,15,60236
Employee_22,43,HR,29,79848
Employee_23,46,Finance,17,59352
Employee_24,48,Sales,1,52932
Employee_25,49,IT,12,67913
Employee_26,37,IT,3,56556
Employee_27,36,Sales,25,80498
Employee_28,24,Operations,24,72582
Employee_29,58,IT,29,91330
Employee_30,28,Marketing,10,65865
Employee_31,42,HR,6,50569
Employee_32,30,Marketing,30,89823
Employee_33,39,IT,9,58857
Employee_34,25,Finance,12,52340
Employee_35,46,HR,30,76181
Employee_36,35,HR,6,57766
Employee_37,30,Sales,19,77491
Employee_38,47,Sales,3,53138
Employee_39,23,Finance,6,46358
Employee_40,41,Operations,0,47714
Employee_41,49,HR,12,66840
Employee_42,28,Finance,21,62627
Employee_43,29,Sales,20,85996
Employee_44,56,Sales,21,76004
Employee_45,35,HR,27,75283
Employee_46,38,Marketing,8,56652
Employee_47,57,IT,25,89554
Employee_48,25,Sales,8,60151
Employee_49,23,Operations,14,61429
Employee_50,27,Operations,9,61072
Employee_51,25,Sales,23,84927
Employee_52,50,Marketing,7,55905
Employee_53,39,Marketing,23,84218
Employee_54,47,Finance,15,67452
Employee_55,55,Operations,25,79212
Employee_56,31,Finance,26,84951
Employee_57,57,Operations,3,42307
Employee_58,35,IT,23,82852
Employee_59,52,IT,18,65660
Employee_60,36,HR,9,54403
Employee_61,29,Finance,24,74238
Employee_62,35,Sales,17,73207
Employee_63,44,Finance,18,77546
Employee_64,42,Sales,9,60140
Employee_65,37,Marketing,32,75708
Employee_66,39,Finance,4,47630
Employee_67,45,Marketing,34,95595
Employee_68,47,IT,33,88485
Employee_69,46,IT,32,89021
Employee_70,50,HR,20,71859
Employee_71,36,Finance,16,63684
Employee_72,22,Marketing,21,64207
Employee_73,46,Sales,14,77331
Employee_74,28,IT,34,80960
Employee_75,30,IT,27,72557
Employee_76,45,Sales,6,71883
Employee_77,22,Marketing,31,86893
Employee_78,29,Marketing,10,52882
Employee_79,45,Finance,9,53761
Employee_80,32,Finance,8,53867
Employee_81,38,Operations,13,63869
Employee_82,29,Operations,12,57166
Employee_83,56,HR,24,71982
Employee_84,56,IT,1,53929
Employee_85,54,Finance,34,79347
Employee_86,26,Marketing,6,55269
Employee_87,49,Sales,20,83527
Employee_88,28,Marketing,17,61454
Employee_89,30,IT,2,65330
Employee_90,29,Operations,10,60991
Employee_91,33,Marketing,23,67808
Employee_92,55,HR,18,59642
Employee_93,54,IT,3,51825
Employee_94,44,Operations,25,66536
Employee_95,45,Sales,31,96309
Employee_96,58,Operations,32,73802
Employee_97,56,HR,2,55354
Employee_98,43,IT,8,59142
Employee_99,48,Sales,7,76203
Employee_100,56,HR,32,76094
Employee_101,22,Operations,5,43364
Employee_102,56,HR,3,57503
Employee_103,58,IT,12,72688
Employee_104,35,Finance,1,42863
Employee_105,24,HR,4,55499
Employee_106,22,HR,26,68084
Employee_107,26,Operations,31,77016
Employee_108,47,Operations,20,60384
Employee_109,35,Sales,7,72072
Employee_110,48,Operations,7,48935
Employee_111,30,Marketing,2,57127
Employee_112,36,IT,2,61482
Employee_113,36,IT,21,73742
Employee_114,47,Finance,5,61165
Employee_115,34,Finance,1,43490
Employee_116,53,IT,22,80324
Employee_117,53,Finance,1,59108
Employee_118,25,Sales,16,85151
Employee_119,51,Operations,34,73137
Employee_120,58,IT,33,81420
Employee_121,44,Finance,22,67845
Employee_122,36,IT,29,77906
Employee_123,50,Marketing,7,68337
Employee_124,57,HR,21,68413
Employee_125,34,Operations,4,42276
Employee_126,53,IT,12,75383
Employee_127,28,HR,28,80611
Employee_128,43,Finance,30,76337
Employee_129,49,HR,15,61944
Employee_130,23,Operations,29,82906
Employee_131,27,IT,15,77079
Employee_132,49,Marketing,11,65306
Employee_133,49,Finance,16,66503
Employee_134,41,IT,15,79225
Employee_135,51,Operations,11,53208
Employee_136,32,Finance,7,58590
Employee_137,49,Sales,19,79886
Employee_138,46,HR,2,49866
Employee_139,54,Operations,15,54088
Employee_140,22,Sales,29,82363
Employee_141,48,IT,22,67024
Employee_142,34,Marketing,27,78764
Employee_143,24,Finance,4,53959
Employee_144,27,HR,19,66935
Employee_145,29,Finance,0,48068
Employee_146,48,IT,29,92619
Employee_147,30,Finance,20,67295
Employee_148,58,HR,19,62392
Employee_149,54,IT,5,61390
Employee_150,45,Finance,21,69448
Employee_151,36,Marketing,17,69433
Employee_152,53,Operations,7,60038
Employee_153,53,IT,31,95559
Employee_154,45,Operations,32,81528
Employee_155,33,IT,15,75743
Employee_156,23,Marketing,11,61605
Employee_157,24,Operations,33,73014
Employee_158,58,Sales,13,64381
Employee_159,38,HR,32,68098
Employee_160,23,Sales,22,91810
Employee_161,23,Finance,1,50101
Employee_162,49,Marketing,20,62187
Employee_163,44,Sales,1,62948
Employee_164,58,IT,26,81207
Employee_165,53,Finance,8,50092
Employee_166,54,Finance,0,58514
Employee_167,22,Sales,10,65242
Employee_168,40,Sales,2,60549
Employee_169,23,Marketing,22,69185
Employee_170,47,HR,25,75271
Employee_171,53,Sales,3,58776
Employee_172,27,Sales,17,79449
Employee_173,53,Operations,5,50823
Employee_174,25,IT,34,94717
Employee_175,32,Operations,21,66355
Employee_176,38,Operations,14,58465
Employee_177,59,Finance,21,73737
Employee_178,45,HR,11,63881
Employee_179,26,IT,17,75324
Employee_180,55,Marketing,34,86350
Employee_181,27,Marketing,29,73555
Employee_182,43,Sales,23,75951
Employee_183,32,Sales,29,96622
Employee_184,37,Marketing,13,59727
Employee_185,54,Sales,5,60686
Employee_186,30,HR,2,40701
Employee_187,27,Operations,15,55780
Employee_188,37,Sales,6,73972
Employee_189,50,Finance,13,55368
Employee_190,24,Sales,8,73592
Employee_191,41,IT,14,59436
Employee_192,57,HR,20,57828
Employee_193,40,IT,34,80556
Employee_194,47,IT,1,59364
Employee_195,24,Finance,26,81061
Employee_196,40,HR,1,46576
Employee_197,41,HR,34,85566
Employee_198,53,HR,17,59190
Employee_199,28,HR,13,53565
Employee_200,54,HR,19,69369
Employee_201,39,Finance,17,58589
Employee_202,22,Sales,9,59159
Employee_203,32,IT,24,81145
Employee_204,49,HR,1,51373
Employee_205,46,Sales,24,80555
Employee_206,44,Sales,32,98237
Employee_207,52,IT,30,84203
Employee_208,51,Finance,13,61244
Employee_209,56,Marketing,0,56743
Employee_210,28,Marketing,15,70333
Employee_211,37,Sales,2,65341
Employee_212,47,Operations,34,90691
Employee_213,23,Operations,5,44228
Employee_214,22,IT,24,74590
Employee_215,33,Marketing,12,59585
Employee_216,26,Sales,33,92227
Employee_217,58,Finance,7,53046
Employee_218,53,Marketing,20,74237
Employee_219,30,Sales,33,98649
Employee_220,56,Sales,3,57945
Employee_221,40,HR,24,66927
Employee_222,37,Finance,14,66641
Employee_223,24,HR,3,53998
Employee_224,41,IT,11,69386
Employee_225,45,HR,31,73016
Employee_226,54,HR,31,80027
Employee_227,45,Marketing,27,84920
Employee_228,32,Operations,12,63752
Employee_229,29,Sales,30,98268
Employee_230,57,Finance,13,71193
Employee_231,59,HR,19,57167
Employee_232,41,Finance,17,68989
Employee_233,56,Operations,28,80087
Employee_234,46,Operations,5,45437
Employee_235,56,HR,31,81275
Employee_236,46,IT,28,78276
Employee_237,50,HR,1,44859
Employee_238,39,Marketing,22,71818
Employee_239,39,Sales,18,72728
Employee_240,23,IT,30,94008
Employee_241,56,HR,4,44738
Employee_242,37,Finance,18,63793
Employee_243,57,IT,33,82523
Employee_244,54,IT,9,59571
Employee_245,25,HR,24,75209
Employee_246,54,IT,1,61246
Employee_247,35,Finance,10,60380
Employee_248,42,Operations,30,70224
Employee_249,41,IT,14,67389
Employee_250,29,Operations,8,61927
Employee_251,28,Finance,22,73684
Employee_252,24,HR,18,63640
Employee_253,38,Sales,8,66662
Employee_254,54,IT,34,85361
Employee_255,33,Sales,20,71948
Employee_256,43,Finance,8,60091
Employee_257,43,IT,27,83992
Employee_258,51,Operations,6,50318
Employee_259,59,Marketing,15,69180
Employee_260,59,Sales,15,65234
Employee_261,29,IT,32,92372
Employee_262,48,Sales,3,72991
Employee_263,48,IT,3,48522
Employee_264,55,HR,16,63718
Employee_265,42,Operations,28,75821
Employee_266,51,Sales,34,89832
Employee_267,54,Marketing,6,60820
Employee_268,49,Marketing,26,84211
Employee_269,54,Finance,27,74122
Employee_270,26,IT,21,71842
Employee_271,40,Sales,13,64316
Employee_272,25,Finance,6,59200
Employee_273,56,Sales,21,88508
Employee_274,38,IT,4,64206
Employee_275,49,Marketing,1,61971
Employee_276,51,HR,26,62378
Employee_277,50,Marketing,20,81758
Employee_278,27,Finance,14,55519
Employee_279,56,Operations,20,65935
Employee_280,58,HR,9,50093
Employee_281,45,Finance,22,67355
Employee_282,50,IT,4,58083
Employee_283,52,HR,0,40574
Employee_284,56,Finance,12,65324
Employee_285,54,IT,20,67257
Employee_286,42,Marketing,25,80411
Employee_287,53,Operations,20,73233
Employee_288,44,IT,17,77887
Employee_289,54,Sales,31,100621
Employee_290,24,IT,16,63005
Employee_291,39,IT,34,97400
Employee_292,46,Operations,10,58860
Employee_293,52,Sales,20,80070
Employee_294,24,Finance,25,74388
Employee_295,45,Finance,3,61156
Employee_296,53,IT,33,96135
Employee_297,43,Sales,17,81609
Employee_298,44,Sales,34,100363
Employee_299,23,Operations,28,85604
Employee_300,48,Marketing,28,86923
Employee_301,23,Finance,20,74823
Employee_302,47,Operations,12,67845
Employee_303,38,HR,16,59547
Employee_304,54,Finance,8,59515
Employee_305,30,Operations,0,38234
Employee_306,50,Finance,1,55562
Employee_307,47,Marketing,28,87932
Employee_308,56,HR,32,74480
Employee_309,46,Marketing,9,55213
Employee_310,45,HR,20,65293
Employee_311,34,IT,27,73673
Employee_312,28,Operations,10,50100
Employee_313,57,HR,33,79849
Employee_314,41,Marketing,7,68557
Employee_315,22,Finance,21,79199
Employee_316,29,HR,7,45841
Employee_317,37,Operations,14,62197
Employee_318,35,HR,16,59016
Employee_319,33,Sales,22,79011
Employee_320,44,Finance,23,67493
Employee_321,36,Operations,18,73058
Employee_322,49,Operations,4,50578
Employee_323,55,IT,31,78158
Employee_324,23,Marketing,0,61045
Employee_325,53,IT,22,69064
Employee_326,44,Operations,7,48253
Employee_327,43,Finance,12,64828
Employee_328,46,HR,7,43401
Employee_329,43,HR,22,76643
Employee_330,43,Finance,0,55193
Employee_331,27,Operations,23,73096
Employee_332,36,HR,34,73214
Employee_333,58,HR,23,77611
Employee_334,54,HR,16,62023
Employee_335,29,Marketing,4,57950
Employee_336,26,Marketing,19,71704
Employee_337,25,Sales,20,80343
Employee_338,27,IT,30,86867
Employee_339,53,Finance,10,52745
Employee_340,51,Finance,14,57866
Employee_341,56,Finance,18,69956
Employee_342,37,Sales,6,61818
Employee_343,34,Marketing,27,87606
Employee_344,51,Operations,4,58093
Employee_345,40,Operations,4,61176
Employee_346,38,Sales,29,94493
Employee_347,40,Operations,31,86908
Employee_348,49,Finance,7,55224
Employee_349,47,IT,9,58025
Employee_350,58,HR,31,84950
Employee_351,47,Marketing,27,88187
Employee_352,44,Marketing,16,64155
Employee_353,30,Sales,30,93839
Employee_354,33,Marketing,7,49719
Employee_355,22,Finance,24,78890
Employee_356,22,Operations,8,63356
Employee_357,55,Finance,1,59591
Employee_358,53,Sales,14,68426
Employee_359,46,Finance,2,54512
Employee_360,22,Operations,3,56064
Employee_361,37,IT,13,71767
Employee_362,26,Sales,24,85308
Employee_363,43,IT,9,65477
Employee_364,50,HR,20,67903
Employee_365,24,IT,11,64680
Employee_366,33,HR,26,63204
Employee_367,47,HR,1,55660
Employee_368,37,IT,12,58102
Employee_369,58,Sales,31,86243
Employee_370,43,Operations,30,74614
Employee_371,50,Finance,15,71299
Employee_372,35,Finance,31,79707
Employee_373,49,Operations,31,82913
Employee_374,26,HR,33,68630
Employee_375,51,HR,10,56908
Employee_376,26,Sales,9,69847
Employee_377,33,Marketing,14,65171
Employee_378,37,IT,16,73721
Employee_379,47,HR,17,68661
Employee_380,47,Finance,8,64616
Employee_381,42,Sales,24,83744
Employee_382,57,IT,13,63690
Employee_383,54,Sales,24,87401
Employee_384,51,IT,21,73659
Employee_385,58,IT,29,84601
Employee_386,44,Operations,19,68704
Employee_387,31,HR,20,55025
Employee_388,26,Sales,31,96384
Employee_389,57,Sales,20,83705
Employee_390,55,Operations,34,80652
Employee_391,52,Finance,31,84379
Employee_392,31,Finance,29,76006
Employee_393,40,HR,11,65867
Employee_394,53,HR,17,70378
Employee_395,22,Marketing,20,70682
Employee_396,26,Operations,12,51072
Employee_397,25,Finance,20,60215
Employee_398,37,IT,7,61915
Employee_399,45,Sales,6,65784
Employee_400,37,HR,22,75990
Employee_401,23,Sales,31,95824
Employee_402,49,Sales,10,63313
Employee_403,53,Marketing,21,74033
Employee_404,48,Finance,21,70968
Employee_405,41,HR,24,75241
Employee_406,45,Sales,21,76939
Employee_407,33,HR,27,76696
Employee_408,56,IT,28,87794
Employee_409,54,Marketing,12,56295
Employee_410,54,IT,17,63696
Employee_411,58,HR,1,47185
Employee_412,33,HR,28,81330
Employee_413,24,Finance,20,72001
Employee_414,22,Sales,14,78350
Employee_415,54,Sales,26,95167
Employee_416,31,IT,30,78644
Employee_417,50,Marketing,14,62420
Employee_418,34,Operations,22,71837
Employee_419,33,Sales,23,92029
Employee_420,52,Finance,12,58353
Employee_421,23,IT,21,76541
Employee_422,56,IT,32,78932
Employee_423,44,Operations,2,51486
Employee_424,38,Finance,18,59757
Employee_425,47,Marketing,22,69085
Employee_426,29,Finance,28,73637
Employee_427,50,Marketing,29,72116
Employee_428,47,Finance,24,74759
Employee_429,31,Finance,7,58691
Employee_430,47,HR,15,50492
Employee_431,55,IT,7,60811
Employee_432,28,Finance,0,46474
Employee_433,25,Operations,4,56385
Employee_434,32,Finance,2,51738
Employee_435,50,Sales,0,63979
Employee_436,57,IT,3,59755
Employee_437,46,Sales,34,93797
Employee_438,42,IT,31,90607
Employee_439,57,Sales,33,95867
Employee_440,31,Finance,24,83127
Employee_441,58,Finance,9,56866
Employee_442,30,HR,20,70449
Employee_443,45,Operations,26,74685
Employee_444,56,Sales,26,81451
Employee_445,56,Marketing,1,51548
Employee_446,57,HR,12,54186
Employee_447,39,Sales,8,64102
Employee_448,53,Sales,21,71619
Employee_449,45,HR,25,60882
Employee_450,44,Finance,11,54642
Employee_451,53,Sales,16,67296
Employee_452,58,Finance,13,67122
Employee_453,33,HR,13,50895
Employee_454,34,Finance,33,90313
Employee_455,44,IT,19,69366
Employee_456,46,Marketing,10,60711
Employee_457,56,Sales,15,84596
Employee_458,51,Operations,30,86793
Employee_459,38,Marketing,5,55199
Employee_460,41,Finance,18,68717
Employee_461,46,Sales,3,56423
Employee_462,43,Finance,3,53211
Employee_463,34,IT,19,76782
Employee_464,40,HR,9,56474
Employee_465,57,Sales,23,76667
Employee_466,33,IT,34,87277
Employee_467,40,IT,25,82424
Employee_468,33,Sales,20,88852
Employee_469,30,Finance,20,78020
Employee_470,28,Operations,9,55155
Employee_471,49,IT,3,51583
Employee_472,35,Marketing,19,76515
Employee_473,52,IT,16,65009
Employee_474,40,Operations,6,63710
Employee_475,37,Finance,3,53410
Employee_476,26,Finance,28,86601
Employee_477,56,Marketing,13,59967
Employee_478,33,IT,2,65753
Employee_479,46,Finance,23,73695
Employee_480,42,Operations,15,62135
Employee_481,57,Sales,3,58722
Employee_482,44,HR,23,73514
Employee_483,37,HR,33,79128
Employee_484,35,HR,29,68444
Employee_485,52,IT,17,69618
Employee_486,26,Marketing,18,78060
Employee_487,56,Finance,30,71196
Employee_488,44,Sales,18,80297
Employee_489,50,Operations,18,58787
Employee_490,32,Sales,21,78927
Employee_491,39,Operations,23,80702
Employee_492,33,IT,11,58176
Employee_493,30,HR,29,72792
Employee_494,31,IT,30,84171
Employee_495,38,Marketing,18,62451
Employee_496,59,Marketing,29,71628
Employee_497,28,Operations,32,79821
Employee_498,34,Finance,17,64778
Employee_499,30,Finance,27,70696
Employee_500,48,Operations,10,67149
Employee_501,23,Marketing,32,86972
Employee_502,26,Marketing,16,66307
Employee_503,50,Marketing,5,51956
Employee_504,58,IT,3,58195
Employee_505,59,Marketing,19,78076
Employee_506,40,Sales,26,95546
Employee_507,29,HR,14,50105
Employee_508,22,Marketing,5,66392
Employee_509,43,Operations,13,69545
Employee_510,38,HR,10,60417
Employee_511,28,IT,8,67188
Employee_512,46,Operations,25,75602
Employee_513,25,HR,15,59256
Employee_514,57,Operations,4,56212
Employee_515,27,IT,9,55913
Employee_516,52,Sales,2,62593
Employee_517,40,IT,12,58772
Employee_518,48,IT,29,93164
Employee_519,31,Operations,5,55996
Employee_520,47,Finance,16,58871
Employee_521,40,Marketing,18,73234
Employee_522,24,Marketing,34,93044
Employee_523,34,Sales,25,85521
Employee_524,49,Sales,4,64642
Employee_525,41,Marketing,28,71132
Employee_526,49,Finance,19,59699
Employee_527,29,Marketing,20,76534
Employee_528,22,Finance,9,59230
Employee_529,24,Sales,4,60297
Employee_530,34,HR,5,52839
Employee_531,49,Operations,25,70812
Employee_532,46,Sales,3,57557
Employee_533,54,Sales,34,86179
Employee_534,59,IT,0,56030
Employee_535,27,IT,23,77065
Employee_536,53,IT,5,58275
Employee_537,42,Operations,30,85806
Employee_538,37,IT,19,79089
Employee_539,42,Finance,23,66180
Employee_540,32,Marketing,24,72696
Employee_541,58,HR,20,64583
Employee_542,57,Sales,29,95998
Employee_543,56,Finance,23,76869
Employee_544,40,HR,29,75757
Employee_545,41,Finance,21,77654
Employee_546,39,Finance,27,79258
Employee_547,35,Sales,6,58468
Employee_548,36,Marketing,34,90208
Employee_549,52,IT,27,87042
Employee_550,22,Operations,13,66639
Employee_551,24,Marketing,9,62546
Employee_552,37,Operations,15,65327
Employee_553,44,Sales,15,79270
Employee_554,32,Sales,30,95523
Employee_555,33,Sales,24,88300
Employee_556,31,HR,12,66991
Employee_557,53,Operations,5,53775
Employee_558,37,Marketing,8,62265
Employee_559,29,Marketing,19,80459
Employee_560,59,Finance,17,73673
Employee_561,33,Finance,20,66614
Employee_562,45,Finance,3,46252
Employee_563,49,Sales,32,89415
Employee_564,29,Marketing,26,84662
Employee_565,49,Operations,6,55116
Employee_566,57,Sales,5,71964
Employee_567,47,HR,14,53958
Employee_568,29,Finance,17,61276
Employee_569,49,Sales,31,85776
Employee_570,49,Sales,10,77208
Employee_571,58,HR,19,57832
Employee_572,57,IT,23,82901
Employee_573,48,Marketing,14,61445
Employee_574,38,Operations,6,45380
Employee_575,30,IT,20,74865
Employee_576,54,Finance,25,78926
Employee_577,41,Sales,13,82540
Employee_578,34,HR,20,66580
Employee_579,49,HR,17,57634
Employee_580,50,Marketing,4,51810
Employee_581,34,IT,2,57179
Employee_582,56,Marketing,22,76251
Employee_583,27,Sales,25,88131
Employee_584,39,Marketing,23,84493
Employee_585,26,Operations,18,68707
Employee_586,46,HR,24,78624
Employee_587,23,HR,20,73233
Employee_588,31,Finance,11,53749
Employee_589,51,Finance,32,85156
Employee_590,26,Sales,3,69589
Employee_591,54,Operations,6,47450
Employee_592,22,IT,21,73214
Employee_593,39,Marketing,32,85814
Employee_594,53,Sales,16,71141
Employee_595,32,Finance,23,65708
Employee_596,42,Marketing,33,93375
Employee_597,47,Finance,27,82088
Employee_598,46,Marketing,21,74834
Employee_599,43,IT,16,73278
Employee_600,48,Sales,33,93014
Employee_601,34,Marketing,5,50273
Employee_602,54,Operations,5,57367
Employee_603,55,HR,33,72538
Employee_604,56,Operations,0,50541
Employee_605,22,Operations,9,55712
Employee_606,42,HR,20,64168
Employee_607,27,Operations,4,45551
Employee_608,49,Marketing,1,55297
Employee_609,38,Marketing,21,73965
Employee_610,26,Marketing,1,45832
Employee_611,52,HR,9,57422
Employee_612,26,Operations,33,71152
Employee_613,59,HR,15,61156
Employee_614,24,Marketing,21,74108
Employee_615,44,Operations,11,51800
Employee_616,58,Operations,23,66310
Employee_617,58,Finance,9,58944
Employee_618,31,Finance,34,76610
Employee_619,31,IT,31,88067
Employee_620,40,Sales,6,57104
Employee_621,38,Finance,20,70728
Employee_622,42,HR,19,61263
Employee_623,35,Finance,25,66914
Employee_624,30,IT,3,67456
Employee_625,22,Operations,21,59406
Employee_626,34,IT,14,72689
Employee_627,25,Operations,20,58166
Employee_628,22,Operations,14,52508
Employee_629,53,Sales,21,89045
Employee_630,55,Finance,27,70664
Employee_631,49,HR,13,67873
Employee_632,52,HR,26,74050
Employee_633,29,Marketing,27,69680
Employee_634,47,Operations,25,81908
Employee_635,55,HR,1,54504
Employee_636,24,Sales,24,78357
Employee_637,33,Operations,2,41363
Employee_638,22,Sales,7,66523
Employee_639,26,HR,32,69292
Employee_640,51,HR,34,70538
Employee_641,51,Marketing,5,50408
Employee_642,38,HR,22,65752
Employee_643,44,Operations,24,80287
Employee_644,36,Operations,18,56174
Employee_645,58,Operations,4,44230
Employee_646,42,Marketing,10,56287
Employee_647,35,Marketing,11,65112
Employee_648,23,HR,9,51106
Employee_649,32,IT,7,61689
Employee_650,59,IT,23,80046
Employee_651,55,Marketing,27,88555
Employee_652,59,HR,20,72951
Employee_653,55,IT,7,53151
Employee_654,39,HR,8,50619
Employee_655,51,HR,14,55033
Employee_656,36,HR,17,60560
Employee_657,48,Finance,19,63946
Employee_658,55,Operations,5,44907
Employee_659,59,HR,11,49490
Employee_660,54,Finance,1,59919
Employee_661,45,Marketing,6,52173
Employee_662,36,IT,15,71065
Employee_663,51,Operations,2,57677
Employee_664,38,IT,2,51769
Employee_665,26,Operations,26,68796
Employee_666,50,IT,32,90046
Employee_667,25,Operations,27,79211
Employee_668,31,IT,0,64356
Employee_669,38,IT,7,56997
Employee_670,31,IT,31,93376
Employee_671,38,IT,3,56112
Employee_672,41,Marketing,29,76287
Employee_673,45,HR,5,50578
Employee_674,26,Sales,18,86624
Employee_675,55,Finance,31,88860
Employee_676,27,Sales,8,64426
Employee_677,23,Sales,11,72599
Employee_678,34,Operations,10,48389
Employee_679,32,HR,15,50999
Employee_680,44,Operations,0,50812
Employee_681,37,HR,20,70599
Employee_682,52,HR,29,65855
Employee_683,32,IT,12,65125
Employee_684,37,Marketing,33,88794
Employee_685,29,IT,3,50763
Employee_686,25,Marketing,27,73986
Employee_687,25,Operations,30,69481
Employee_688,46,Marketing,26,71731
Employee_689,24,Operations,4,58835
Employee_690,53,Sales,24,93477
Employee_691,24,Sales,2,69266
Employee_692,48,Marketing,32,84758
Employee_693,50,Marketing,3,64661
Employee_694,53,Operations,24,78311
Employee_695,40,IT,19,72566
Employee_696,42,Operations,33,82889
Employee_697,26,IT,25,81254
Employee_698,39,Sales,4,65442
Employee_699,49,HR,34,82521
Employee_700,43,Marketing,27,73559
Employee_701,42,IT,28,89199
Employee_702,27,Operations,8,53291
Employee_703,22,Sales,5,63160
Employee_704,26,IT,18,63112
Employee_705,33,Operations,10,67581
Employee_706,47,Marketing,1,58924
Employee_707,55,Marketing,8,66523
Employee_708,35,Finance,20,61424
Employee_709,47,HR,23,77333
Employee_710,48,Finance,33,92552
Employee_711,30,Sales,21,81808
Employee_712,47,IT,2,53043
Employee_713,43,Sales,11,67989
Employee_714,51,Operations,27,71261
Employee_715,38,Marketing,29,71887
Employee_716,47,Finance,25,84488
Employee_717,57,Finance,20,76433
Employee_718,22,Finance,27,86944
Employee_719,29,Sales,25,91402
Employee_720,56,Marketing,32,86253
Employee_721,36,IT,20,83990
Employee_722,43,Operations,34,79846
Employee_723,35,IT,33,84432
Employee_724,47,Sales,17,80452
Employee_725,49,Operations,10,61395
Employee_726,44,Finance,22,65765
Employee_727,35,HR,21,74822
Employee_728,45,Sales,16,81950
Employee_729,23,Sales,4,66502
Employee_730,47,Marketing,10,61741
Employee_731,35,IT,29,79941
Employee_732,28,Sales,14,68855
Employee_733,24,Sales,26,91166
Employee_734,44,Finance,34,93145
Employee_735,39,Finance,32,77788
Employee_736,59,Operations,19,57201
Employee_737,56,HR,15,60561
Employee_738,36,Marketing,33,91901
Employee_739,46,HR,1,43737
Employee_740,58,Operations,34,73988
Employee_741,49,Finance,27,82441
Employee_742,31,IT,5,61737
Employee_743,38,Finance,8,62256
Employee_744,43,Marketing,19,68162
Employee_745,47,Finance,0,53065
Employee_746,46,Marketing,7,63114
Employee_747,38,Marketing,22,72399
Employee_748,34,Marketing,2,49633
Employee_749,41,Operations,3,46755
Employee_750,46,Marketing,24,76825
Employee_751,25,Marketing,14,60117
Employee_752,31,IT,20,66518
Employee_753,24,HR,34,85346
Employee_754,39,Sales,13,65600
Employee_755,57,HR,11,59237
Employee_756,43,Marketing,16,76579
Employee_757,55,IT,8,56554
Employee_758,29,Finance,34,90193
Employee_759,40,IT,12,76233
Employee_760,58,Marketing,14,71253
Employee_761,27,IT,17,78194
Employee_762,47,IT,32,78742
Employee_763,55,Marketing,5,48306
Employee_764,27,Operations,26,67849
Employee_765,58,IT,22,79360
Employee_766,54,Sales,26,88768
Employee_767,43,Sales,33,96032
Employee_768,42,IT,13,62195
Employee_769,27,Operations,7,63939
Employee_770,27,Finance,34,92689
Employee_771,25,Marketing,18,67619
Employee_772,51,Sales,29,88280
Employee_773,32,Finance,13,55642
Employee_774,51,IT,19,73369
Employee_775,52,Finance,24,78296
Employee_776,45,HR,23,73438
Employee_777,30,Sales,13,78674
Employee_778,24,IT,25,74757
Employee_779,52,Marketing,22,66994
Employee_780,58,Operations,21,74226
Employee_781,57,IT,18,64271
Employee_782,45,Marketing,2,45813
Employee_783,52,Operations,18,74845
Employee_784,27,Operations,8,54475
Employee_785,23,IT,27,76396
Employee_786,41,Finance,19,68283
Employee_787,49,Finance,6,59318
Employee_788,32,Operations,13,68200
Employee_789,25,Finance,8,48082
Employee_790,36,HR,18,54920
Employee_791,27,Operations,13,58817
Employee_792,51,Operations,16,65683
Employee_793,59,Marketing,29,82336
Employee_794,23,Finance,8,63596
Employee_795,36,Operations,32,72093
Employee_796,32,HR,24,71905
Employee_797,29,Marketing,13,63367
Employee_798,47,IT,10,60285
Employee_799,26,Operations,34,82896
Employee_800,27,HR,13,52937
Employee_801,47,Sales,29,95753
Employee_802,25,HR,3,56202
Employee_803,40,HR,3,56485
Employee_804,41,Marketing,27,81977
Employee_805,54,IT,7,71874
Employee_806,41,Sales,1,69163
Employee_807,33,Finance,21,68674
Employee_808,22,Finance,15,72748
Employee_809,47,HR,28,66676
Employee_810,35,Marketing,29,73426
Employee_811,59,Marketing,11,55962
Employee_812,58,Finance,34,74859
Employee_813,32,Sales,10,72048
Employee_814,57,IT,20,69138
Employee_815,34,Sales,20,72424
Employee_816,24,Operations,4,52409
Employee_817,54,Operations,19,61017
Employee_818,27,IT,2,57451
Employee_819,31,Finance,32,82278
Employee_820,26,IT,8,63996
Employee_821,44,Marketing,8,51134
Employee_822,31,Operations,3,46119
Employee_823,23,HR,34,74694
Employee_824,34,HR,16,55164
Employee_825,23,Finance,33,91730
Employee_826,41,Marketing,23,70039
Employee_827,22,Sales,31,95631
Employee_828,58,Marketing,0,52442
Employee_829,30,HR,7,50252
Employee_830,38,HR,22,74721
Employee_831,30,Operations,11,66568
Employee_832,32,Marketing,11,54551
Employee_833,36,Marketing,14,68625
Employee_834,45,HR,18,54629
Employee_835,59,Sales,25,92910
Employee_836,56,Finance,28,69361
Employee_837,51,Finance,21,65370
Employee_838,52,Marketing,20,67283
Employee_839,26,Finance,19,66610
Employee_840,35,HR,28,73558
Employee_841,32,HR,3,52924
Employee_842,30,Marketing,6,62839
Employee_843,55,Marketing,27,80949
Employee_844,33,Operations,27,75626
Employee_845,56,Marketing,3,46993
Employee_846,56,Sales,21,71869
Employee_847,22,Finance,11,52014
Employee_848,43,Marketing,2,54103
Employee_849,50,IT,21,82986
Employee_850,29,Operations,1,51013
Employee_851,32,IT,23,68690
Employee_852,58,HR,33,84873
Employee_853,35,Finance,26,76748
Employee_854,51,Marketing,0,50024
Employee_855,56,IT,7,68678
Employee_856,42,Finance,22,67488
Employee_857,58,HR,5,51035
Employee_858,26,Sales,21,90296
Employee_859,40,Operations,24,80257
Employee_860,35,Finance,17,69855
Employee_861,47,Finance,16,75642
Employee_862,25,Sales,11,63817
Employee_863,46,Finance,5,49458
Employee_864,46,HR,25,65307
Employee_865,39,HR,26,69933
Employee_866,29,Sales,7,75425
Employee_867,35,Operations,18,73063
Employee_868,53,Marketing,0,52659
Employee_869,59,IT,28,78738
Employee_870,54,Marketing,34,81668
Employee_871,44,Finance,13,67427
Employee_872,36,IT,34,86697
Employee_873,54,Sales,19,85446
Employee_874,46,Sales,12,69829
Employee_875,38,Operations,7,55751
Employee_876,54,IT,19,77450
Employee_877,23,HR,32,74352
Employee_878,35,IT,25,83516
Employee_879,27,Finance,20,68326
Employee_880,27,HR,8,46644
Employee_881,24,Sales,23,81003
Employee_882,28,IT,16,64278
Employee_883,29,Marketing,23,72296
Employee_884,36,Operations,20,61074
Employee_885,50,Marketing,12,67261
Employee_886,54,Operations,10,59173
Employee_887,51,Finance,18,66312
Employee_888,48,Marketing,10,53637
Employee_889,57,IT,12,70652
Employee_890,50,IT,0,50103
Employee_891,59,Marketing,18,77028
Employee_892,54,IT,11,58032
Employee_893,58,Finance,7,49761
Employee_894,48,HR,7,57195
Employee_895,54,Finance,11,69452
Employee_896,25,Operations,32,86625
Employee_897,43,Finance,25,67668
Employee_898,23,Operations,27,79638
Employee_899,31,IT,4,64954
Employee_900,26,HR,7,59186
Employee_901,31,IT,24,81356
Employee_902,54,Sales,26,76195
Employee_903,59,IT,22,69187
Employee_904,34,Operations,29,78707
Employee_905,52,IT,22,69330
Employee_906,57,IT,19,67606
Employee_907,45,HR,17,52060
Employee_908,36,IT,17,76387
Employee_909,50,HR,1,39927
Employee_910,29,Marketing,3,51296
Employee_911,26,Sales,29,92622
Employee_912,50,HR,32,81125
Employee_913,25,Operations,17,57591
Employee_914,33,Marketing,18,72127
Employee_915,23,HR,27,77748
Employee_916,48,HR,19,60121
Employee_917,52,Sales,32,83200
Employee_918,57,Operations,11,64721
Employee_919,57,Finance,14,73238
Employee_920,47,Finance,1,52087
Employee_921,48,HR,28,69972
Employee_922,26,IT,9,54136
Employee_923,41,Operations,1,56413
Employee_924,32,Marketing,10,67346
Employee_925,31,IT,12,75978
Employee_926,59,IT,9,54661
Employee_927,27,Operations,13,53472
Employee_928,29,HR,17,52086
Employee_929,44,HR,8,53704
Employee_930,47,HR,27,68219
Employee_931,33,HR,2,53322
Employee_932,47,Finance,19,73749
Employee_933,34,HR,5,46968
Employee_934,39,Finance,26,85157
Employee_935,46,Finance,1,54596
Employee_936,54,HR,28,64700
Employee_937,33,Sales,2,54700
Employee_938,57,Marketing,15,68821
Employee_939,25,IT,29,92031
Employee_940,26,Finance,1,46520
Employee_941,58,Operations,16,65510
Employee_942,29,Operations,11,52687
Employee_943,49,Marketing,34,92980
Employee_944,52,Operations,0,46837
Employee_945,30,Sales,14,78955
Employee_946,50,Operations,25,74281
Employee_947,35,IT,20,78917
Employee_948,43,IT,30,79757
Employee_949,32,Finance,24,77045
Employee_950,44,HR,22,65912
Employee_951,22,Sales,23,77733
Employee_952,58,Finance,27,74081
Employee_953,42,Sales,20,78690
Employee_954,47,HR,17,53673
Employee_955,57,Operations,34,86318
Employee_956,44,Operations,8,57171
Employee_957,22,HR,29,77545
Employee_958,36,Finance,33,84803
Employee_959,42,HR,31,68294
Employee_960,30,Marketing,2,47630
Employee_961,30,IT,2,62093
Employee_962,31,Finance,27,83530
Employee_963,47,Sales,14,78453
Employee_964,56,Marketing,22,76174
Employee_965,46,Finance,10,53453
Employee_966,47,HR,31,70507
Employee_967,32,HR,32,77602
Employee_968,59,HR,23,63628
Employee_969,23,HR,33,76328
Employee_970,28,Sales,27,92534
Employee_971,39,Marketing,6,67744
Employee_972,48,Operations,3,60389
Employee_973,55,IT,0,48552
Employee_974,48,Sales,0,66402
Employee_975,38,Sales,19,71242
Employee_976,45,Operations,18,70665
Employee_977,46,Operations,28,71097
Employee_978,28,IT,9,62640
Employee_979,27,IT,17,63948
Employee_980,45,Operations,27,70618
Employee_981,54,HR,34,73236
Employee_982,50,Sales,30,81920
Employee_983,43,Finance,26,77169
Employee_984,47,IT,10,59188
Employee_985,49,IT,4,61207
Employee_986,42,Operations,7,45238
Employee_987,28,Marketing,33,75204
Employee_988,38,Finance,11,61799
Employee_989,41,Finance,0,45552
Employee_990,41,IT,30,79927
Employee_991,43,HR,3,49164
Employee_992,49,Marketing,4,50390
Employee_993,28,Finance,29,88071
Employee_994,22,IT,23,83641
Employee_995,53,Finance,2,48160
Employee_996,34,Marketing,10,67810
Employee_997,51,Marketing,3,50126
Employee_998,44,Sales,25,75816
Employee_999,40,Operations,26,77414
Employee_1000,53,Operations,26,64192
